<?xml version="1.0" encoding="UTF-8" standalone="yes"?>
<addon id="repository.vstream.mod"
        name="vStream Mod Repository"
        version="1.0.7~nathan"
        provider-name="Venom">
    <extension point="xbmc.addon.repository" name="vStream XBMC Addon Repository">
        <dir>
            <info compressed="false">https://raw.githubusercontent.com/nat80/vstream/releases/addons.xml</info>
            <checksum>https://raw.githubusercontent.com/nat80/vstream/releases/addons.xml.md5</checksum>
            <datadir zip="true">https://github.com/nat80/vstream/raw/releases/repo</datadir>
        </dir>
   </extension>

    <extension point="xbmc.addon.metadata">
        <summary lang="fr">vStream Repository</summary>
        <description lang="fr">Installer vStream</description>
        <summary lang="en">vStream Repository</summary>
        <description lang="en">Download and install vStream</description>
        <platform>all</platform>
        <assets>
            <icon>icon.png</icon>
            <fanart>fanart.jpg</fanart>
        </assets>
    </extension>
</addon>
